input_text,model_1_sentiment_label,model_1_sentiment_score,model_2_zeroshot_label ,model_2_zeroshot_score,model_3_ner_entities,model_4_groq_classification,notes,tested_at
"Unauthorized login from IP 198.51.100.4 at 3:47 AM — multiple failed attempts
preceded this
",,0.0000,,0.0,"{""error"":{""message"":""400 - \""{\\\""error\\\"":\\\""Body needs to provide a inputs key, received: b'{\\\\\\\""\\\\\\\"":\\\\\\\""{  \\\\\\\\\\\\\\\\\\\\\\\""inputs\\\\\\\\\\\\\\\\\\\\\\\"": \\\\\\\\\\\\\\\\\\\\\\\""\\\\\\\\\\\\\\\\\\\\\\\"" }\\\\\\\""}'\\\""}\"""",""name"":""AxiosError"",""stack"":""AxiosError: Request failed with status code 400\n    at settle (/usr/local/lib/node_modules/n8n/node_modules/.pnpm/axios@1.13.5/node_modules/axios/lib/core/settle.js:19:12)\n    at RedirectableRequest.handleResponse (/usr/local/lib/node_modules/n8n/node_modules/.pnpm/axios@1.13.5/node_modules/axios/lib/adapters/http.js:746:9)\n    at RedirectableRequest.emit (node:events:520:35)\n    at RedirectableRequest._processResponse (/usr/local/lib/node_modules/n8n/node_modules/.pnpm/follow-redirects@1.15.11/node_modules/follow-redirects/index.js:409:10)\n    at ClientRequest.RedirectableRequest._onNativeResponse (/usr/local/lib/node_modules/n8n/node_modules/.pnpm/follow-redirects@1.15.11/node_modules/follow-redirects/index.js:102:12)\n    at Object.onceWrapper (node:events:623:26)\n    at ClientRequest.emit (node:events:508:28)\n    at HTTPParser.parserOnIncomingClient (node:_http_client:780:27)\n    at HTTPParser.parserOnHeadersComplete (node:_http_common:125:17)\n    at TLSSocket.socketOnData (node:_http_client:615:22)\n    at TLSSocket.emit (node:events:508:28)\n    at addChunk (node:internal/streams/readable:559:12)\n    at readableAddChunkPushByteMode (node:internal/streams/readable:510:3)\n    at TLSSocket.Readable.push (node:internal/streams/readable:390:5)\n    at TLSWrap.onStreamRead (node:internal/stream_base_commons:189:23)\n    at Axios.request (/usr/local/lib/node_modules/n8n/node_modules/.pnpm/axios@1.13.5/node_modules/axios/lib/core/Axios.js:46:41)\n    at processTicksAndRejections (node:internal/process/task_queues:103:5)\n    at invokeAxios (/usr/local/lib/node_modules/n8n/node_modules/.pnpm/n8n-core@file+packages+core_@opentelemetry+api@1.9.0_@opentelemetry+exporter-trace-otlp_9f358c3eeaef0d2736f54ac9757ada43/node_modules/n8n-core/src/execution-engine/node-execution-context/utils/request-helper-functions.ts:303:10)\n    at proxyRequestToAxios (/usr/local/lib/node_modules/n8n/node_modules/.pnpm/n8n-core@file+packages+core_@opentelemetry+api@1.9.0_@opentelemetry+exporter-trace-otlp_9f358c3eeaef0d2736f54ac9757ada43/node_modules/n8n-core/src/execution-engine/node-execution-context/utils/request-helper-functions.ts:684:20)\n    at Object.request (/usr/local/lib/node_modules/n8n/node_modules/.pnpm/n8n-core@file+packages+core_@opentelemetry+api@1.9.0_@opentelemetry+exporter-trace-otlp_9f358c3eeaef0d2736f54ac9757ada43/node_modules/n8n-core/src/execution-engine/node-execution-context/utils/request-helper-functions.ts:1841:4)"",""code"":""ERR_BAD_REQUEST"",""status"":400}}",,,3/19/2026 1:35pm
Routine firewall rule update completed on fw-01 during scheduled maintenance window,,0.0000,,0.0,"{""error"":{""message"":""400 - \""{\\\""error\\\"":\\\""Body needs to provide a inputs key, received: b'{\\\\\\\""\\\\\\\"":\\\\\\\""{  \\\\\\\\\\\\\\\\\\\\\\\""inputs\\\\\\\\\\\\\\\\\\\\\\\"": \\\\\\\\\\\\\\\\\\\\\\\""\\\\\\\\\\\\\\\\\\\\\\\"" }\\\\\\\""}'\\\""}\"""",""name"":""AxiosError"",""stack"":""AxiosError: Request failed with status code 400\n    at settle (/usr/local/lib/node_modules/n8n/node_modules/.pnpm/axios@1.13.5/node_modules/axios/lib/core/settle.js:19:12)\n    at RedirectableRequest.handleResponse (/usr/local/lib/node_modules/n8n/node_modules/.pnpm/axios@1.13.5/node_modules/axios/lib/adapters/http.js:746:9)\n    at RedirectableRequest.emit (node:events:520:35)\n    at RedirectableRequest._processResponse (/usr/local/lib/node_modules/n8n/node_modules/.pnpm/follow-redirects@1.15.11/node_modules/follow-redirects/index.js:409:10)\n    at ClientRequest.RedirectableRequest._onNativeResponse (/usr/local/lib/node_modules/n8n/node_modules/.pnpm/follow-redirects@1.15.11/node_modules/follow-redirects/index.js:102:12)\n    at Object.onceWrapper (node:events:623:26)\n    at ClientRequest.emit (node:events:508:28)\n    at HTTPParser.parserOnIncomingClient (node:_http_client:780:27)\n    at HTTPParser.parserOnHeadersComplete (node:_http_common:125:17)\n    at TLSSocket.socketOnData (node:_http_client:615:22)\n    at TLSSocket.emit (node:events:508:28)\n    at addChunk (node:internal/streams/readable:559:12)\n    at readableAddChunkPushByteMode (node:internal/streams/readable:510:3)\n    at TLSSocket.Readable.push (node:internal/streams/readable:390:5)\n    at TLSWrap.onStreamRead (node:internal/stream_base_commons:189:23)\n    at Axios.request (/usr/local/lib/node_modules/n8n/node_modules/.pnpm/axios@1.13.5/node_modules/axios/lib/core/Axios.js:46:41)\n    at processTicksAndRejections (node:internal/process/task_queues:103:5)\n    at invokeAxios (/usr/local/lib/node_modules/n8n/node_modules/.pnpm/n8n-core@file+packages+core_@opentelemetry+api@1.9.0_@opentelemetry+exporter-trace-otlp_9f358c3eeaef0d2736f54ac9757ada43/node_modules/n8n-core/src/execution-engine/node-execution-context/utils/request-helper-functions.ts:303:10)\n    at proxyRequestToAxios (/usr/local/lib/node_modules/n8n/node_modules/.pnpm/n8n-core@file+packages+core_@opentelemetry+api@1.9.0_@opentelemetry+exporter-trace-otlp_9f358c3eeaef0d2736f54ac9757ada43/node_modules/n8n-core/src/execution-engine/node-execution-context/utils/request-helper-functions.ts:684:20)\n    at Object.request (/usr/local/lib/node_modules/n8n/node_modules/.pnpm/n8n-core@file+packages+core_@opentelemetry+api@1.9.0_@opentelemetry+exporter-trace-otlp_9f358c3eeaef0d2736f54ac9757ada43/node_modules/n8n-core/src/execution-engine/node-execution-context/utils/request-helper-functions.ts:1841:4)"",""code"":""ERR_BAD_REQUEST"",""status"":400}}",,,3/19/2026 1:35pm
Phishing email detected targeting finance@company.com — spoofed sender domain,,0.0000,,0.0,"{""error"":{""message"":""400 - \""{\\\""error\\\"":\\\""Body needs to provide a inputs key, received: b'{\\\\\\\""\\\\\\\"":\\\\\\\""{  \\\\\\\\\\\\\\\\\\\\\\\""inputs\\\\\\\\\\\\\\\\\\\\\\\"": \\\\\\\\\\\\\\\\\\\\\\\""\\\\\\\\\\\\\\\\\\\\\\\"" }\\\\\\\""}'\\\""}\"""",""name"":""AxiosError"",""stack"":""AxiosError: Request failed with status code 400\n    at settle (/usr/local/lib/node_modules/n8n/node_modules/.pnpm/axios@1.13.5/node_modules/axios/lib/core/settle.js:19:12)\n    at RedirectableRequest.handleResponse (/usr/local/lib/node_modules/n8n/node_modules/.pnpm/axios@1.13.5/node_modules/axios/lib/adapters/http.js:746:9)\n    at RedirectableRequest.emit (node:events:520:35)\n    at RedirectableRequest._processResponse (/usr/local/lib/node_modules/n8n/node_modules/.pnpm/follow-redirects@1.15.11/node_modules/follow-redirects/index.js:409:10)\n    at ClientRequest.RedirectableRequest._onNativeResponse (/usr/local/lib/node_modules/n8n/node_modules/.pnpm/follow-redirects@1.15.11/node_modules/follow-redirects/index.js:102:12)\n    at Object.onceWrapper (node:events:623:26)\n    at ClientRequest.emit (node:events:508:28)\n    at HTTPParser.parserOnIncomingClient (node:_http_client:780:27)\n    at HTTPParser.parserOnHeadersComplete (node:_http_common:125:17)\n    at TLSSocket.socketOnData (node:_http_client:615:22)\n    at TLSSocket.emit (node:events:508:28)\n    at addChunk (node:internal/streams/readable:559:12)\n    at readableAddChunkPushByteMode (node:internal/streams/readable:510:3)\n    at TLSSocket.Readable.push (node:internal/streams/readable:390:5)\n    at TLSWrap.onStreamRead (node:internal/stream_base_commons:189:23)\n    at Axios.request (/usr/local/lib/node_modules/n8n/node_modules/.pnpm/axios@1.13.5/node_modules/axios/lib/core/Axios.js:46:41)\n    at processTicksAndRejections (node:internal/process/task_queues:103:5)\n    at invokeAxios (/usr/local/lib/node_modules/n8n/node_modules/.pnpm/n8n-core@file+packages+core_@opentelemetry+api@1.9.0_@opentelemetry+exporter-trace-otlp_9f358c3eeaef0d2736f54ac9757ada43/node_modules/n8n-core/src/execution-engine/node-execution-context/utils/request-helper-functions.ts:303:10)\n    at proxyRequestToAxios (/usr/local/lib/node_modules/n8n/node_modules/.pnpm/n8n-core@file+packages+core_@opentelemetry+api@1.9.0_@opentelemetry+exporter-trace-otlp_9f358c3eeaef0d2736f54ac9757ada43/node_modules/n8n-core/src/execution-engine/node-execution-context/utils/request-helper-functions.ts:684:20)\n    at Object.request (/usr/local/lib/node_modules/n8n/node_modules/.pnpm/n8n-core@file+packages+core_@opentelemetry+api@1.9.0_@opentelemetry+exporter-trace-otlp_9f358c3eeaef0d2736f54ac9757ada43/node_modules/n8n-core/src/execution-engine/node-execution-context/utils/request-helper-functions.ts:1841:4)"",""code"":""ERR_BAD_REQUEST"",""status"":400}}",,,3/19/2026 1:35pm
"Multiple failed SSH authentication attempts from external IP — 47 attempts in 5
minutes",,0.0000,,0.0,"{""error"":{""message"":""400 - \""{\\\""error\\\"":\\\""Body needs to provide a inputs key, received: b'{\\\\\\\""\\\\\\\"":\\\\\\\""{  \\\\\\\\\\\\\\\\\\\\\\\""inputs\\\\\\\\\\\\\\\\\\\\\\\"": \\\\\\\\\\\\\\\\\\\\\\\""\\\\\\\\\\\\\\\\\\\\\\\"" }\\\\\\\""}'\\\""}\"""",""name"":""AxiosError"",""stack"":""AxiosError: Request failed with status code 400\n    at settle (/usr/local/lib/node_modules/n8n/node_modules/.pnpm/axios@1.13.5/node_modules/axios/lib/core/settle.js:19:12)\n    at RedirectableRequest.handleResponse (/usr/local/lib/node_modules/n8n/node_modules/.pnpm/axios@1.13.5/node_modules/axios/lib/adapters/http.js:746:9)\n    at RedirectableRequest.emit (node:events:520:35)\n    at RedirectableRequest._processResponse (/usr/local/lib/node_modules/n8n/node_modules/.pnpm/follow-redirects@1.15.11/node_modules/follow-redirects/index.js:409:10)\n    at ClientRequest.RedirectableRequest._onNativeResponse (/usr/local/lib/node_modules/n8n/node_modules/.pnpm/follow-redirects@1.15.11/node_modules/follow-redirects/index.js:102:12)\n    at Object.onceWrapper (node:events:623:26)\n    at ClientRequest.emit (node:events:508:28)\n    at HTTPParser.parserOnIncomingClient (node:_http_client:780:27)\n    at HTTPParser.parserOnHeadersComplete (node:_http_common:125:17)\n    at TLSSocket.socketOnData (node:_http_client:615:22)\n    at TLSSocket.emit (node:events:508:28)\n    at addChunk (node:internal/streams/readable:559:12)\n    at readableAddChunkPushByteMode (node:internal/streams/readable:510:3)\n    at TLSSocket.Readable.push (node:internal/streams/readable:390:5)\n    at TLSWrap.onStreamRead (node:internal/stream_base_commons:189:23)\n    at Axios.request (/usr/local/lib/node_modules/n8n/node_modules/.pnpm/axios@1.13.5/node_modules/axios/lib/core/Axios.js:46:41)\n    at processTicksAndRejections (node:internal/process/task_queues:103:5)\n    at invokeAxios (/usr/local/lib/node_modules/n8n/node_modules/.pnpm/n8n-core@file+packages+core_@opentelemetry+api@1.9.0_@opentelemetry+exporter-trace-otlp_9f358c3eeaef0d2736f54ac9757ada43/node_modules/n8n-core/src/execution-engine/node-execution-context/utils/request-helper-functions.ts:303:10)\n    at proxyRequestToAxios (/usr/local/lib/node_modules/n8n/node_modules/.pnpm/n8n-core@file+packages+core_@opentelemetry+api@1.9.0_@opentelemetry+exporter-trace-otlp_9f358c3eeaef0d2736f54ac9757ada43/node_modules/n8n-core/src/execution-engine/node-execution-context/utils/request-helper-functions.ts:684:20)\n    at Object.request (/usr/local/lib/node_modules/n8n/node_modules/.pnpm/n8n-core@file+packages+core_@opentelemetry+api@1.9.0_@opentelemetry+exporter-trace-otlp_9f358c3eeaef0d2736f54ac9757ada43/node_modules/n8n-core/src/execution-engine/node-execution-context/utils/request-helper-functions.ts:1841:4)"",""code"":""ERR_BAD_REQUEST"",""status"":400}}",,,3/19/2026 1:35pm
"System resource utilization normal across all monitored hosts — no anomalies
detected
",,0.0000,,0.0,"{""error"":{""message"":""400 - \""{\\\""error\\\"":\\\""Body needs to provide a inputs key, received: b'{\\\\\\\""\\\\\\\"":\\\\\\\""{  \\\\\\\\\\\\\\\\\\\\\\\""inputs\\\\\\\\\\\\\\\\\\\\\\\"": \\\\\\\\\\\\\\\\\\\\\\\""\\\\\\\\\\\\\\\\\\\\\\\"" }\\\\\\\""}'\\\""}\"""",""name"":""AxiosError"",""stack"":""AxiosError: Request failed with status code 400\n    at settle (/usr/local/lib/node_modules/n8n/node_modules/.pnpm/axios@1.13.5/node_modules/axios/lib/core/settle.js:19:12)\n    at RedirectableRequest.handleResponse (/usr/local/lib/node_modules/n8n/node_modules/.pnpm/axios@1.13.5/node_modules/axios/lib/adapters/http.js:746:9)\n    at RedirectableRequest.emit (node:events:520:35)\n    at RedirectableRequest._processResponse (/usr/local/lib/node_modules/n8n/node_modules/.pnpm/follow-redirects@1.15.11/node_modules/follow-redirects/index.js:409:10)\n    at ClientRequest.RedirectableRequest._onNativeResponse (/usr/local/lib/node_modules/n8n/node_modules/.pnpm/follow-redirects@1.15.11/node_modules/follow-redirects/index.js:102:12)\n    at Object.onceWrapper (node:events:623:26)\n    at ClientRequest.emit (node:events:508:28)\n    at HTTPParser.parserOnIncomingClient (node:_http_client:780:27)\n    at HTTPParser.parserOnHeadersComplete (node:_http_common:125:17)\n    at TLSSocket.socketOnData (node:_http_client:615:22)\n    at TLSSocket.emit (node:events:508:28)\n    at addChunk (node:internal/streams/readable:559:12)\n    at readableAddChunkPushByteMode (node:internal/streams/readable:510:3)\n    at TLSSocket.Readable.push (node:internal/streams/readable:390:5)\n    at TLSWrap.onStreamRead (node:internal/stream_base_commons:189:23)\n    at Axios.request (/usr/local/lib/node_modules/n8n/node_modules/.pnpm/axios@1.13.5/node_modules/axios/lib/core/Axios.js:46:41)\n    at processTicksAndRejections (node:internal/process/task_queues:103:5)\n    at invokeAxios (/usr/local/lib/node_modules/n8n/node_modules/.pnpm/n8n-core@file+packages+core_@opentelemetry+api@1.9.0_@opentelemetry+exporter-trace-otlp_9f358c3eeaef0d2736f54ac9757ada43/node_modules/n8n-core/src/execution-engine/node-execution-context/utils/request-helper-functions.ts:303:10)\n    at proxyRequestToAxios (/usr/local/lib/node_modules/n8n/node_modules/.pnpm/n8n-core@file+packages+core_@opentelemetry+api@1.9.0_@opentelemetry+exporter-trace-otlp_9f358c3eeaef0d2736f54ac9757ada43/node_modules/n8n-core/src/execution-engine/node-execution-context/utils/request-helper-functions.ts:684:20)\n    at Object.request (/usr/local/lib/node_modules/n8n/node_modules/.pnpm/n8n-core@file+packages+core_@opentelemetry+api@1.9.0_@opentelemetry+exporter-trace-otlp_9f358c3eeaef0d2736f54ac9757ada43/node_modules/n8n-core/src/execution-engine/node-execution-context/utils/request-helper-functions.ts:1841:4)"",""code"":""ERR_BAD_REQUEST"",""status"":400}}",,,3/19/2026 1:35pm